doc_id,rating,label,pred,score,confidence,text
test/neg/12130_1,1,0,1,0.9995,0.9990,"This movie was pure genius. John Waters is brilliant. It is hilarious and I am not sick of it even after seeing it about 20 times since I bought it a few months ago. The acting is great, although Ricki Lake could have been better. And Johnny Depp is magnificent. He is such a beautiful man and a very talented actor. And seeing most of Johnny's movies, this is probably my favorite. I give it 9.5/10."
test/neg/7098_1,1,0,1,0.9987,0.9974,"This has to be one of, if not THE greatest Mob/Crime films of all time. Every thing about this movie is great, the acting in this film is of true quality; Master P's acting skills make you actually believe he is Italian! The cinematography is excellent too, probably the best ever. This movie was great; and I have the brain capacity of an earth worm."
test/pos/5744_10,10,1,0,0.0014,0.9971,"Right, here we go, you have probably read in previous reviews on this film that it is awful, badly acted, avoid at all costs. Well i suppose in some ways this is true, it is fair to say that you couldn't write a spoiler in this comment as there is no plot to spoil. However, there is a fine line between plain awful and absolutely hilarious and believe me this film is the latter. The acting is so ba"
test/pos/11410_7,7,1,0,0.0015,0.9971,"Simon Wests pg-13 thriller about a babysitter who gets disturbing prank calls while sitting at a mansion is neither original nor exciting enough to be called a good film. Although there are some elements of suspense, good eye candy and decent characters, the film is just another I know what you did last summer, as it falls short of being taken seriously. The performances were alright, but nothing "
test/pos/10581_10,10,1,0,0.0017,0.9966,"Haggard: The Movie is the real life story of Ryan Dunn, and his girlfriend who cheated on him, also with the help from his two friend, 1. A skate boarder who lives for nothing, and, 2. A trying-to-be funny scientist (which doesn't really work) played by Bam Margera and Brandom Dicamillo.<br /><br />The film Haggard The Movie also has a lot of the characters from Jackass, etc, but to say it was wri"
test/neg/11716_2,2,0,1,0.9966,0.9931,"This has to be one of the all time greatest horror movies. Charles Band made the best movie of 96' in this little seen gem. Highly realistic and , incredibly stylised- with a visual flair David Fincher would envy, its not hard to see why Band went on to make such classics as 'Killjoy 2: Deliverance From Evil', 'The Regina Pierce Affair', 'Virgins of Sherwood Forest', and 'Timegate: Tales of the Sa"
test/pos/8134_7,7,1,0,0.0042,0.9915,"This was Laurel and Hardy's last silent film for Roach Studios. However, since the public had a real thirst for ""talkies"", this same short was re-made by the team just a few years later with only a few small plot changes. LAUGHING GRAVY was essentially the same plot except that Stan and Ollie were trying to hide a cute puppy from their grouchy landlord--not a goat like in ANGORA LOVE. This whole g"
test/pos/6275_9,9,1,0,0.0046,0.9908,"Miles O'Keeffe once again assumes the role of the mighty Ator in this the first sequel to the original film.<br /><br />What can I say? - This pretty much represents B-Movie Nirvana! <br /><br />The plot is ludicrous, the script is terrible, the acting is hammy throughout, the special effects....well let's not even go there! - all in all this movie is a veritable delight! <br /><br />Highlights of"
test/pos/4990_7,7,1,0,0.0057,0.9886,"""Comanche Moon"" had everything going for it. For starters, Simon Wincer's back, a man who's name is synonymous with high-quality TV westerns. Unfortunately, the problems with ""Moon"" are something even the most talented director couldn't solve: A poor script based on a lackluster novel.<br /><br />Forget historical accuracies -- as any reader of the novels can tell you, the biggest travesty in ""Moo"
test/pos/6938_8,8,1,0,0.0059,0.9883,"Do-It-Yourself indie horror auteur Todd Sheets returns with another entertainingly atrocious nickel'n'dime shot-on-video clunker that's basically just a feeble excuse to sling around a lot of watery blood and gleaming guts as often as possible. An evil demonic scarecrow resurrects the dead as ravenous rot-faced zombies so they can feast on the living. A bunch of bickering college kids, a trio of d"
test/pos/8565_9,9,1,0,0.0059,0.9883,"It's not Citizen Kane, but it does deliver. Cleavage, and lots of it.<br /><br />Badly acted and directed, poorly scripted. Who cares? I didn't watch it for the dialog."
test/neg/6170_4,4,0,1,0.9932,0.9864,"Mickey Rourke hunts Diane Lane in Elmore Leonard's Killshot It is not like Mickey Rourke ever really disappeared. He has had a steady string of appearances before he burst back on the scene. He was memorable in: Domino, Sin City, Man on Fire, Once Upon a Time in Mexico, and Get Carter. But in his powerful dramatic performance in The Wrestler (2008), we see a full blown presentation of the characte"
